name,address,phone,website,business_types,emails,email_count
The Collective Co.,"365 Port Hacking Rd, Caringbah NSW 2230, Australia",0413 236 090,http://www.thecollectiveco.com.au/,"establishment, point_of_interest",hello@thecollectiveco.com.au; 2229hello@thecollectiveco.com.au; 580hello@thecollectiveco.com.au,3
Branded By Alicia Digital Marketing Agency,"2/12-14 Northumberland Rd, Caringbah NSW 2229, Australia",0424 858 938,http://brandedbyalicia.com.au/,"establishment, point_of_interest",alicia@brandedbyalicia.com.au; usalicia@brandedbyalicia.com,2
Societal Brand Design Agency,"4/2 Cawarra Rd, Caringbah NSW 2228, Australia",,http://societal.com.au/,"establishment, point_of_interest",,0
Disrupta,"Unit 2/50 Woodfield Blvd, Caringbah NSW 2229, Australia",(02) 9501 0538,http://www.disrupta.com.au/,"establishment, point_of_interest",,0
Simpson Freed Lawyers,"304-318 Kingsway, Caringbah NSW 2229, Australia",(02) 9589 5200,https://www.simpsonfreed.com.au/,"establishment, point_of_interest",,0
Corbett Jessop Law,"Level 2/34 Banksia Rd, Caringbah NSW 2229, Australia",(02) 9525 7300,http://www.corbettjessoplaw.com.au/,"establishment, point_of_interest",,0
Apex Legal,"Suite 2/155 Denman Ave, Caringbah NSW 2229, Australia",(02) 8519 4665,http://www.apexlegal.com.au/transform-the-customer-experience-with-an-intelligent-contact-center/,"establishment, lawyer, point_of_interest",,0
Jessep & Storm Solicitors,"28, Level 2 Suite 4/30 President Ave, Caringbah NSW 2229, Australia",(02) 9524 1842,http://www.jessepandstormsolicitors.com.au/,"establishment, lawyer, point_of_interest",,0
Sullivan Dewing Chartered Accountants & Business Builders,"387 Port Hacking Rd, Caringbah NSW 2229, Australia",(02) 9526 1211,http://www.sullivandewing.com.au/,"accounting, establishment, finance, point_of_interest",info@sullivandewing.com.au,1
Mannion's Business Services Pty Ltd - Accountant in Caringbah,"Suite 105/304-318 Kingsway, Caringbah NSW 2229, Australia",(02) 9531 0999,http://www.mannions.com.au/,"accounting, establishment, finance, lawyer, point_of_interest",,0
NGR Accounting Pty Ltd,"Suite 7/381 Port Hacking Rd, Caringbah NSW 2229, Australia",(02) 9011 6669,http://www.ngraccounting.com.au/,"accounting, establishment, finance, point_of_interest",info@ngraccounting.com.au,1
Everingham & Turner,"1/53 Banksia Rd, Caringbah NSW 2229, Australia",(02) 9525 1287,http://www.everinghamandturner.com.au/,"accounting, establishment, finance, point_of_interest",,0
RLM Consult Certify Comply,"Unit 10 Level 2/16-18 Northumberland Rd, Caringbah NSW 2229, Australia",0429 990 945,http://rlmccc.com.au/,"establishment, point_of_interest",info@rlmccc.com.au,1
JNT Advisory,"Suite 7/381 Port Hacking Rd, Caringbah NSW 2229, Australia",0422 133 614,http://jntadvisory.com.au/,"accounting, establishment, finance, point_of_interest",hello@jntadvisory.com.au,1
Mannion's Business Services Pty Ltd - Accountant in Caringbah,"Suite 105/304-318 Kingsway, Caringbah NSW 2229, Australia",(02) 9531 0999,http://www.mannions.com.au/,"accounting, establishment, finance, lawyer, point_of_interest",enquiries@mannions.com.au; usenquiries@mannions.com.au,2
Sullivan Dewing Chartered Accountants & Business Builders,"387 Port Hacking Rd, Caringbah NSW 2229, Australia",(02) 9526 1211,http://www.sullivandewing.com.au/,"accounting, establishment, finance, point_of_interest",info@sullivandewing.com.au,1
Location Real Estate,"Suite 4/305 Kingsway, Caringbah NSW 2229, Australia",(02) 9526 1111,https://www.locationre.com.au/,"establishment, point_of_interest, real_estate_agency",,0
Ray White Caringbah,"31 Mansfield Ave, Caringbah NSW 2229, Australia",(02) 9531 0333,http://raywhitecaringbah.com.au/,"establishment, point_of_interest, real_estate_agency",0333caringbah.nsw@raywhite.comfacebookinstagramyoutubebuybuyopen,1
Allam Real Estate,"1/317 Kingsway, Caringbah NSW 2229, Australia",(02) 9525 3333,https://www.allamre.com.au/,"establishment, point_of_interest, real_estate_agency",info@allamre.com.au,1
Shire Agents,"Suite 2/365 Port Hacking Rd, Caringbah NSW 2229, Australia",(02) 9524 2499,http://shireagents.com.au/,"establishment, finance, point_of_interest, real_estate_agency",rentals@shireagents.com.au; sales@shireagents.com.auproperty; sales@shireagents.com.au; mail@shireagents.com.au,4
